timestamp,open,high,low,close,volume
1722470400,64612,64646,64585,64643,0.90508587
1722470460,64620,64665,64620,64642,0.34807176
1722470520,64652,64672,64637,64639,0.44956492
1722470580,64607,64663,64607,64663,0.50958107
1722470640,64674,64691,64668,64688,0.16673029
1722470700,64670,64707,64670,64707,0.96236128
1722470760,64721,64776,64719,64776,0.75014950
1722470820,64762,64766,64716,64721,0.31687478
1722470880,64716,64734,64660,64709,1.19727359
1722470940,64705,64757,64705,64757,1.59778780
1722471000,64771,64783,64748,64781,0.45433241
1722471060,64749,64749,64719,64719,0.15434809
1722471120,64707,64707,64659,64660,0.52832678
1722471180,64629,64633,64611,64617,0.18134531
1722471240,64615,64630,64615,64630,0.57293959
1722471300,64647,64697,64631,64685,0.79230500
1722471360,64685,64743,64685,64743,0.63644425
1722471420,64688,64688,64648,64652,0.49981632
1722471480,64649,64671,64621,64645,6.14551733
1722471540,64622,64650,64622,64639,0.74088404
1722471600,64649,64661,64627,64627,0.20266843
1722471660,64627,64627,64612,64612,0.27681763
1722471720,64607,64624,64599,64599,0.51596664
1722471780,64599,64607,64596,64607,0.81794830
1722471840,64579,64579,64556,64569,0.57300921
1722471900,64563,64573,64554,64556,1.27102347
1722471960,64553,64553,64530,64530,36.43369566
1722472020,64522,64523,64360,64523,10.84163794
1722472080,64548,64687,64548,64659,1.83954482
1722472140,64652,64665,64569,64569,1.51415939
1722472200,64538,64629,64534,64606,1.95571332
1722472260,64578,64672,64560,64672,1.27481466
1722472320,64669,64692,64667,64679,0.18872045
1722472380,64678,64686,64631,64642,0.53929263
1722472440,64642,64702,64642,64702,0.20088210
1722472500,64717,64775,64717,64775,0.24129013
1722472560,64774,64774,64716,64747,0.46600702
1722472620,64747,64753,64733,64752,0.41797882
1722472680,64746,64764,64743,64764,0.16387379
1722472740,64762,64813,64762,64812,0.58104389
1722472800,64796,64796,64750,64750,0.47488062
1722472860,64745,64770,64726,64770,0.40191625
1722472920,64752,64764,64726,64726,0.23553596
1722472980,64725,64725,64671,64671,0.35810093
1722473040,64675,64689,64615,64619,0.54939540
1722473100,64630,64631,64557,64557,0.11140829
1722473160,64557,64557,64451,64473,0.55006549
1722473220,64448,64448,64368,64381,5.34227798
1722473280,64376,64488,64344,64457,2.36145521
1722473340,64453,64467,64409,64449,1.66101081
1722473400,64463,64515,64463,64507,0.51375585
1722473460,64506,64630,64506,64614,0.34493270
1722473520,64614,64614,64562,64563,0.12307869
1722473580,64560,64560,64543,64543,0.69423847
1722473640,64540,64595,64540,64584,0.69604636
1722473700,64577,64607,64537,64602,0.78064899
1722473760,64590,64590,64565,64589,0.45962503
1722473820,64589,64662,64589,64654,0.60688967
1722473880,64650,64662,64643,64648,0.57464092
1722473940,64649,64654,64614,64614,0.52915750
1722474000,64602,64637,64596,64613,0.99131828
1722474060,64612,64637,64594,64635,0.53052925
1722474120,64658,64686,64658,64662,0.29156784
1722474180,64656,64767,64656,64767,1.32294838
1722474240,64787,64787,64714,64716,0.22437162
1722474300,64691,64715,64684,64698,0.55609474
1722474360,64688,64688,64598,64598,0.55281852
1722474420,64601,64601,64552,64573,0.55112972
1722474480,64569,64577,64540,64555,0.55156000
1722474540,64563,64563,64529,64529,0.52827433
1722474600,64505,64560,64482,64526,0.63800592
1722474660,64526,64610,64526,64608,0.56322925
1722474720,64609,64647,64609,64645,0.54832575
1722474780,64644,64651,64585,64597,0.62185586
1722474840,64593,64627,64590,64606,0.53519443
1722474900,64602,64617,64580,64610,0.92488735
1722474960,64546,64547,64517,64546,0.14447826
1722475020,64546,64546,64499,64505,0.17948940
1722475080,64505,64520,64465,64480,0.54708745
1722475140,64486,64500,64480,64482,0.51026442
1722475200,64483,64485,64452,64464,2.07430715
1722475260,64457,64464,64407,64426,0.69112616
1722475320,64434,64443,64386,64386,0.52335034
1722475380,64385,64480,64385,64479,0.38805257
1722475440,64413,64419,64389,64415,0.62890158
1722475500,64414,64424,64409,64424,0.39660642
1722475560,64424,64455,64424,64442,0.73191592
1722475620,64450,64492,64450,64492,0.26945451
1722475680,64492,64542,64492,64542,0.19132864
1722475740,64555,64555,64527,64533,0.11159844
1722475800,64528,64528,64476,64484,0.56695646
1722475860,64483,64497,64430,64449,1.64153542
1722475920,64446,64473,64428,64440,0.61931555
1722475980,64436,64436,64400,64408,1.05346761
1722476040,64408,64408,64344,64371,0.44517157
1722476100,64361,64361,64150,64150,9.41369191
1722476160,64127,64190,64105,64140,1.90203987
1722476220,64152,64333,64141,64292,0.75752135
1722476280,64300,64300,64235,64275,0.82828975
1722476340,64276,64280,64184,64218,0.71678293
1722476400,64217,64313,64217,64313,1.76345751
1722476460,64319,64340,64310,64340,0.55891025
1722476520,64345,64345,64263,64296,0.90396079
1722476580,64296,64337,64290,64309,1.01996441
1722476640,64305,64434,64290,64394,1.59385296
1722476700,64369,64383,64326,64336,0.99594472
1722476760,64337,64337,64302,64317,1.44595934
1722476820,64310,64326,64298,64317,0.74282040
1722476880,64329,64352,64302,64302,0.78960252
1722476940,64314,64390,64314,64345,0.24652237
1722477000,64356,64431,64354,64387,0.61005486
1722477060,64346,64346,64316,64333,0.56513648
1722477120,64336,64336,64269,64269,0.44531101
1722477180,64268,64268,64205,64229,0.65732918
1722477240,64206,64206,64192,64192,1.66774016
1722477300,64191,64200,64183,64183,0.83866316
1722477360,64182,64186,64136,64169,4.52220665
1722477420,64160,64185,64129,64130,0.68732884
1722477480,64128,64155,64121,64155,1.19495700
1722477540,64149,64194,64149,64194,0.52299148
1722477600,64172,64206,64166,64206,0.52994344
1722477660,64148,64201,64148,64193,0.69513973
1722477720,64164,64164,64097,64097,2.34951104
1722477780,64089,64089,63967,63994,12.39896229
1722477840,63982,64020,63919,64000,5.33106698
1722477900,63986,63994,63905,63905,2.45697343
1722477960,63916,63932,63890,63915,2.24886434
1722478020,63915,64032,63912,64019,0.50741874
1722478080,64011,64040,63987,64034,2.07055046
1722478140,64043,64062,64011,64060,0.90487401
1722478200,64057,64122,64046,64104,0.74593754
1722478260,64115,64182,64115,64182,1.13695366
1722478320,64195,64200,64165,64183,1.15928259
1722478380,64163,64195,64143,64178,1.06950266
1722478440,64180,64185,64156,64164,0.69252138
1722478500,64165,64182,64094,64103,1.00400555
1722478560,64103,64134,64055,64079,5.15572289
1722478620,64103,64186,64103,64186,1.94365943
1722478680,64189,64229,64130,64130,0.66268693
1722478740,64076,64076,63976,63976,0.06432309
1722478800,63994,64006,63976,64006,0.17061556
1722478860,64042,64045,63968,63996,0.50915875
1722478920,63986,63986,63921,63940,0.64370231
1722478980,63930,63933,63890,63890,0.91360620
1722479040,63884,63973,63882,63973,0.86191446
1722479100,63979,63979,63921,63933,0.67155650
1722479160,63947,64041,63930,64041,1.46369551
1722479220,64054,64054,63958,63981,0.72016681
1722479280,63981,64040,63981,63986,0.36018086
1722479340,63986,64011,63982,63985,0.81857136
1722479400,63981,64066,63909,64050,0.74748048
1722479460,64058,64093,63997,64092,0.42355767
1722479520,64113,64137,64093,64127,0.29058648
1722479580,64126,64126,64042,64074,0.67728436
1722479640,64086,64124,64086,64117,0.79238630
1722479700,64119,64119,64033,64097,0.35984748
1722479760,64095,64102,64051,64056,3.35475212
1722479820,64065,64070,64021,64050,4.94689980
1722479880,64042,64070,64037,64060,8.30382838
1722479940,64045,64073,64041,64071,2.79154776
1722480000,64076,64083,64031,64047,2.78352669
1722480060,64053,64072,64042,64071,4.03166487
1722480120,64069,64070,64000,64001,3.71408300
1722480180,63979,64023,63979,64004,13.77774196
1722480240,64006,64012,63984,63984,9.79266721
1722480300,63999,63999,63966,63978,0.24116301
1722480360,63958,63958,63901,63908,0.03127556
1722480420,63900,63904,63893,63904,0.00068592
1722480480,63936,63941,63875,63920,0.68193307
1722480540,63880,63902,63879,63879,0.07535497
1722480600,63894,63898,63886,63895,0.00693171
1722480660,63907,64000,63907,63999,0.23724247
1722480720,64000,64013,63978,64009,2.24483272
1722480780,64009,64030,63980,63990,0.70060592
1722480840,63987,64017,63984,64017,0.01840158
1722480900,64000,64015,63999,64015,0.01757446
1722480960,64025,64068,64025,64045,0.76501125
1722481020,64060,64061,64048,64061,0.00497616
1722481080,64061,64083,64061,64080,0.08970712
1722481140,64093,64094,64090,64090,0.00498844
1722481200,64070,64070,64018,64069,0.08051851
1722481260,64071,64094,64014,64014,0.07977259
1722481320,64023,64023,63957,63964,0.08404107
1722481380,63993,64013,63930,63930,0.01963466
1722481440,63998,64000,63980,64000,0.03326352
1722481500,64012,64035,63916,63916,0.01680278
1722481560,63920,63920,63851,63887,1.80788837
1722481620,63885,63885,63837,63856,1.05131822
1722481680,63852,63934,63812,63929,2.39799913
1722481740,63889,63889,63803,63821,1.12800387
1722481800,63821,63830,63821,63825,0.11515928
1722481860,63806,63806,63794,63799,1.39720412
1722481920,63805,63934,63805,63926,4.76685597
1722481980,63865,63865,63841,63841,0.02784734
1722482040,63804,63810,63797,63797,0.02902839
1722482100,63797,63834,63797,63826,0.00858615
1722482160,63883,63883,63828,63828,0.02757007
1722482220,63802,63815,63783,63783,0.70137965
1722482280,63783,63783,63723,63735,2.78082813
1722482340,63739,63837,63736,63837,0.65597219
1722482400,63895,63898,63852,63861,0.47910759
1722482460,63875,63908,63852,63888,0.41292223
1722482520,63884,63915,63875,63875,0.02681936
1722482580,63889,63987,63882,63987,0.13255737
1722482640,63988,63988,63942,63951,0.26067561
1722482700,63961,63975,63930,63930,0.29593365
1722482760,63917,63972,63917,63967,0.01208686
1722482820,63978,63978,63977,63977,0.00137891
1722482880,63990,64012,63971,64012,0.42907043
1722482940,64012,64012,64005,64005,0.01124829
1722483000,64004,64012,63992,64004,0.09989380
1722483060,64003,64011,64003,64011,0.02914885
1722483120,64007,64012,64004,64011,0.15497854
1722483180,64012,64016,64002,64002,0.08273356
1722483240,64002,64059,64002,64044,0.29122720
1722483300,64023,64023,63979,64008,0.18743289
1722483360,63973,63973,63946,63946,0.08945176
1722483420,63960,63960,63912,63945,0.37009958
1722483480,63954,63954,63905,63919,0.37163580
1722483540,63935,63935,63907,63907,0.18170985
1722483600,63895,63915,63885,63915,0.00598524
1722483660,63925,63952,63921,63952,0.00724967
1722483720,63947,63954,63917,63918,0.50544833
1722483780,63923,63940,63912,63940,0.00725367
1722483840,63937,63954,63937,63954,0.00470000
1722483900,63963,63982,63963,63982,0.20756027
1722483960,64000,64000,63999,64000,0.01044449
1722484020,64000,64004,64000,64004,0.04161371
1722484080,64003,64003,64002,64002,0.00709000
1722484140,64003,64019,64002,64012,0.06194646
1722484200,64007,64019,64007,64019,0.00849498
1722484260,64016,64018,64010,64018,0.01056618
1722484320,64016,64016,64007,64007,0.00437431
1722484380,64007,64009,63950,63950,0.34070175
1722484440,63956,63956,63922,63934,0.01502665
1722484500,63924,63926,63919,63924,0.02257594
1722484560,63886,63886,63862,63862,0.01072747
1722484620,63854,63934,63853,63911,1.13765182
1722484680,63898,63903,63896,63903,0.03812112
1722484740,63911,63914,63901,63914,0.25880980
1722484800,63902,63912,63877,63912,0.03426237
1722484860,63910,63910,63890,63890,0.00131442
1722484920,63931,63931,63861,63913,0.00511794
1722484980,63924,63935,63890,63935,0.00399279
1722485040,63934,63934,63889,63895,0.01070974
1722485100,63902,63935,63902,63933,0.02201324
1722485160,63958,63976,63940,63976,0.27579342
1722485220,63977,63998,63977,63989,0.23705606
1722485280,63989,63989,63954,63958,0.07565458
1722485340,63963,63963,63954,63954,0.64178717
1722485400,63964,63978,63953,63955,0.77603651
1722485460,63958,63969,63937,63953,0.45014528
1722485520,63965,64000,63965,63999,0.46822796
1722485580,64005,64013,64005,64013,1.10882640
1722485640,64011,64011,64001,64001,1.21826100
1722485700,64009,64011,63994,63994,0.42902590
1722485760,64009,64010,63993,63993,1.16647110
1722485820,63998,63998,63921,63923,0.00299191
1722485880,63921,63921,63848,63850,0.72830796
1722485940,63845,63895,63845,63884,0.26807523
1722486000,63875,63939,63874,63906,1.24108846
1722486060,63909,63940,63909,63940,1.10401116
1722486120,63952,63958,63924,63924,0.59306523
1722486180,63925,63925,63901,63916,1.14727836
1722486240,63915,63921,63887,63895,0.69541578
1722486300,63890,63959,63886,63959,1.56838386
1722486360,63954,63954,63853,63853,0.98025849
1722486420,63868,63868,63803,63806,2.13039233
1722486480,63808,63871,63801,63818,0.77481049
1722486540,63815,63815,63802,63803,0.33780939
1722486600,63811,63832,63804,63813,0.42873127
1722486660,63836,63889,63800,63801,0.75918111
1722486720,63808,63845,63808,63824,0.26021799
1722486780,63806,63806,63760,63781,0.40809052
1722486840,63781,63810,63779,63798,0.83052132
1722486900,63796,63859,63796,63854,0.90902251
1722486960,63859,63871,63833,63833,0.85296296
1722487020,63773,63822,63742,63822,1.52684794
1722487080,63820,63855,63813,63839,0.17957614
1722487140,63847,63903,63842,63902,0.44532605
1722487200,63900,63900,63842,63861,0.25648737
1722487260,63853,63853,63784,63800,0.18641897
1722487320,63779,63780,63753,63771,2.13009274
1722487380,63770,63771,63714,63720,3.07288745
1722487440,63717,63773,63717,63773,0.61917953
1722487500,63773,63820,63761,63771,0.96360270
1722487560,63786,63786,63706,63743,7.09311293
1722487620,63727,63756,63699,63713,1.20448995
1722487680,63700,63707,63636,63636,6.67674906
1722487740,63647,63742,63647,63684,1.48396785
1722487800,63684,63718,63681,63681,0.34931746
1722487860,63647,63680,63647,63647,0.81680187
1722487920,63654,63663,63646,63646,0.06594932
1722487980,63645,63645,63635,63639,0.55468612
1722488040,63634,63634,63408,63600,58.05592839
1722488100,63598,63740,63593,63734,3.42698295
1722488160,63729,63743,63685,63687,0.44232830
1722488220,63713,63728,63642,63726,1.84373667
1722488280,63732,63747,63693,63693,13.99465862
1722488340,63695,63707,63665,63700,11.36910387
1722488400,63697,63697,63598,63600,0.62102821
1722488460,63598,63615,63570,63598,26.79607064
1722488520,63603,63603,63571,63571,0.79574250
1722488580,63610,63613,63570,63587,16.73145531
1722488640,63587,63588,63576,63587,0.96920488
1722488700,63584,63595,63575,63580,1.20145976
1722488760,63579,63678,63543,63678,1.10823821
1722488820,63711,63747,63670,63740,1.31243615
1722488880,63751,63760,63719,63750,24.09689480
1722488940,63746,63798,63746,63796,5.71700844
1722489000,63795,63821,63795,63803,2.97169991
1722489060,63801,63817,63801,63811,7.32471502
1722489120,63818,63844,63817,63844,3.72797551
1722489180,63852,63897,63827,63852,5.26440821
1722489240,63826,63913,63826,63913,1.93295904
1722489300,63903,63974,63885,63955,8.86870172
1722489360,63959,63984,63959,63980,1.63589926
1722489420,63977,63989,63975,63983,0.92408501
1722489480,63983,63984,63975,63984,0.77784630
1722489540,63984,63984,63936,63945,1.03888713
1722489600,63921,63949,63918,63924,1.56074974
1722489660,63929,63943,63916,63932,0.16261377
1722489720,63916,63956,63916,63951,1.19448673
1722489780,63955,63989,63955,63987,0.59182299
1722489840,63986,63992,63975,63990,1.60009361
1722489900,63980,64143,63980,64099,11.83998555
1722489960,64105,64105,64048,64080,0.47408499
1722490020,64080,64097,64065,64097,1.45586642
1722490080,64109,64142,64103,64142,0.67791030
1722490140,64143,64147,64133,64141,3.07775646
1722490200,64150,64168,64108,64118,0.67794319
1722490260,64107,64140,64093,64093,1.14191036
1722490320,64101,64117,64092,64092,1.13365172
1722490380,64094,64094,64088,64090,0.86567195
1722490440,64089,64102,64084,64084,0.48002277
1722490500,64088,64128,64087,64128,0.60209602
1722490560,64128,64145,64105,64118,0.85473763
1722490620,64118,64118,64093,64111,0.63596778
1722490680,64123,64124,64098,64099,1.03749090
1722490740,64099,64104,64085,64104,0.82583408
1722490800,64104,64104,64096,64103,0.97549792
1722490860,64103,64112,64103,64112,1.02475536
1722490920,64138,64172,64137,64171,0.52915747
1722490980,64172,64182,64157,64169,1.80412694
1722491040,64181,64294,64181,64275,9.98009559
1722491100,64274,64274,64243,64243,1.66451331
1722491160,64247,64247,64198,64208,0.95246251
1722491220,64198,64202,64194,64202,0.81096125
1722491280,64201,64253,64201,64253,1.04333016
1722491340,64250,64276,64250,64268,1.02682425
1722491400,64270,64298,64266,64298,1.30481507
1722491460,64298,64313,64292,64292,1.64620348
1722491520,64298,64302,64258,64258,1.03189010
1722491580,64250,64290,64242,64282,0.96957830
1722491640,64278,64289,64265,64266,0.81942759
1722491700,64279,64303,64279,64303,0.26521952
1722491760,64303,64303,64288,64288,0.49726302
1722491820,64283,64284,64276,64284,0.93303103
1722491880,64283,64284,64283,64283,0.48310565
1722491940,64278,64279,64223,64249,0.70923018
1722492000,64265,64265,64219,64222,0.48581010
1722492060,64229,64229,64207,64209,0.00661198
1722492120,64206,64233,64187,64233,1.72730992
1722492180,64239,64239,64197,64211,0.51682560
1722492240,64228,64239,64216,64230,1.60865018
1722492300,64230,64230,64200,64202,0.51576888
1722492360,64201,64215,64171,64214,0.74422104
1722492420,64215,64215,64170,64178,0.00909085
1722492480,64182,64199,64181,64199,0.71304105
1722492540,64198,64198,64178,64198,0.72524626
1722492600,64193,64193,64172,64172,0.12376763
1722492660,64178,64189,64150,64189,0.93974108
1722492720,64188,64188,64176,64184,0.62509899
1722492780,64187,64216,64186,64216,0.88129624
1722492840,64229,64229,64214,64215,1.72694641
1722492900,64216,64219,64187,64187,0.99944136
1722492960,64151,64180,64151,64180,0.51822796
1722493020,64172,64172,64090,64124,0.31498107
1722493080,64132,64133,64094,64116,1.12683005
1722493140,64122,64164,64122,64164,0.80405040
1722493200,64164,64224,64164,64216,0.54902297
1722493260,64236,64254,64221,64224,0.71024990
1722493320,64229,64248,64229,64248,0.96807319
1722493380,64248,64248,64160,64169,0.82135853
1722493440,64173,64218,64173,64210,1.30685266
1722493500,64212,64234,64210,64234,0.30044822
1722493560,64242,64242,64207,64224,0.55690014
1722493620,64224,64236,64208,64208,0.11156990
1722493680,64200,64224,64199,64224,0.27333247
1722493740,64224,64228,64214,64228,0.97392608
1722493800,64218,64230,64209,64209,0.08864398
1722493860,64208,64218,64189,64199,1.01759685
1722493920,64185,64215,64158,64209,0.18582861
1722493980,64215,64218,64199,64199,0.01226008
1722494040,64184,64214,64177,64209,1.43353246
1722494100,64197,64204,64179,64180,0.15551928
1722494160,64169,64214,64169,64204,0.62576624
1722494220,64215,64235,64215,64234,0.11456510
1722494280,64231,64252,64228,64252,0.78903502
1722494340,64258,64383,64236,64383,6.84775712
1722494400,64383,64414,64383,64412,2.54108490
1722494460,64416,64416,64379,64385,0.99252248
1722494520,64382,64393,64382,64393,0.03549959
1722494580,64392,64392,64392,64392,0.00048000
1722494640,64385,64390,64384,64384,1.27900687
1722494700,64383,64396,64360,64392,0.09351203
1722494760,64382,64382,64327,64330,0.07448616
1722494820,64310,64321,64294,64316,0.23333638
1722494880,64307,64307,64267,64291,0.07538878
1722494940,64291,64291,64258,64277,0.39174724
1722495000,64286,64290,64258,64259,0.64470045
1722495060,64252,64317,64252,64278,13.87887292
1722495120,64278,64305,64261,64296,0.34956832
1722495180,64288,64297,64278,64279,0.25397781
1722495240,64277,64277,64242,64242,0.00746980
1722495300,64241,64241,64220,64225,0.00942754
1722495360,64229,64245,64229,64245,0.00331349
1722495420,64245,64278,64245,64256,0.07696412
1722495480,64255,64255,64225,64225,0.00253707
1722495540,64203,64203,64191,64196,0.03967407
1722495600,64199,64223,64199,64223,0.02816982
1722495660,64233,64244,64233,64244,0.07821298
1722495720,64249,64249,64200,64200,0.09485700
1722495780,64207,64222,64207,64222,0.07499622
1722495840,64222,64264,64222,64264,0.17000455
1722495900,64268,64389,64268,64388,1.21837835
1722495960,64369,64380,64319,64380,0.70470646
1722496020,64376,64376,64366,64366,0.00167763
1722496080,64357,64384,64357,64370,0.42512591
1722496140,64358,64358,64318,64350,0.01884510
1722496200,64339,64339,64333,64333,0.01226987
1722496260,64336,64355,64336,64354,0.00560162
1722496320,64361,64395,64361,64395,0.00816222
1722496380,64395,64410,64395,64406,0.31492615
1722496440,64403,64413,64403,64413,1.16901606
1722496500,64403,64417,64385,64391,0.28980338
1722496560,64401,64437,64401,64437,1.87029099
1722496620,64437,64452,64394,64395,1.53472930
1722496680,64394,64425,64382,64425,0.65171514
1722496740,64417,64417,64384,64399,0.56748305
1722496800,64398,64398,64360,64368,0.01314878
1722496860,64368,64368,64338,64343,0.01510107
1722496920,64350,64350,64350,64350,0.06235632
1722496980,64349,64353,64343,64353,0.01933032
1722497040,64351,64351,64338,64338,0.03539213
1722497100,64338,64362,64338,64357,0.14127861
1722497160,64320,64337,64320,64337,0.06869975
1722497220,64334,64369,64334,64369,0.01672394
1722497280,64368,64368,64341,64356,0.01580323
1722497340,64352,64363,64352,64360,0.21163262
1722497400,64360,64360,64313,64317,0.05916557
1722497460,64317,64317,64271,64297,0.02289422
1722497520,64301,64338,64299,64338,0.06779026
1722497580,64355,64355,64321,64324,0.07087557
1722497640,64342,64357,64342,64357,0.01352646
1722497700,64356,64369,64347,64365,0.11250673
1722497760,64360,64360,64321,64333,0.01495400
1722497820,64335,64359,64306,64359,0.00898605
1722497880,64353,64376,64353,64363,0.07775719
1722497940,64348,64372,64323,64370,0.18835096
1722498000,64371,64375,64365,64365,0.10428618
1722498060,64351,64371,64351,64363,0.24910117
1722498120,64353,64364,64353,64364,0.01420603
1722498180,64363,64365,64350,64350,0.07356669
1722498240,64350,64357,64331,64343,1.53353248
1722498300,64342,64366,64340,64359,0.52245580
1722498360,64352,64389,64337,64389,0.04253189
1722498420,64395,64395,64379,64379,0.11209911
1722498480,64363,64363,64352,64356,0.43132000
1722498540,64349,64349,64335,64340,0.01819434
1722498600,64337,64340,64327,64340,0.01885268
1722498660,64340,64383,64340,64348,0.10539868
1722498720,64339,64339,64338,64338,0.00213421
1722498780,64349,64349,64334,64334,0.01367981
1722498840,64317,64318,64271,64271,0.04596528
1722498900,64258,64270,64258,64270,0.10724980
1722498960,64260,64263,64242,64263,0.13939425
1722499020,64263,64303,64263,64303,0.11886669
1722499080,64303,64303,64303,64303,0.06570064
1722499140,64302,64302,64292,64302,0.01692068
1722499200,64274,64305,64271,64301,0.89760586
1722499260,64331,64347,64331,64340,0.00869593
1722499320,64339,64376,64339,64376,0.01378980
1722499380,64398,64398,64376,64376,0.00520866
1722499440,64390,64418,64390,64410,0.72235036
1722499500,64399,64399,64385,64391,0.00320974
1722499560,64363,64367,64351,64367,0.02073271
1722499620,64367,64397,64367,64386,0.07197772
1722499680,64362,64393,64322,64393,0.60210201
1722499740,64393,64402,64384,64389,1.50555355
1722499800,64386,64386,64336,64336,1.59547076
1722499860,64310,64324,64297,64300,0.25401393
1722499920,64301,64332,64301,64332,0.07711244
1722499980,64332,64356,64332,64355,0.01936114
1722500040,64354,64354,64348,64349,0.07513972
1722500100,64355,64355,64340,64340,0.38392711
1722500160,64341,64386,64341,64370,0.10108669
1722500220,64370,64390,64357,64390,0.12712272
1722500280,64398,64415,64398,64404,0.49292175
1722500340,64403,64406,64387,64387,0.01157218
1722500400,64389,64416,64375,64416,0.13063943
1722500460,64412,64416,64412,64416,0.00269428
1722500520,64417,64418,64407,64407,0.25629124
1722500580,64390,64416,64390,64408,0.08874370
1722500640,64424,64443,64424,64426,0.01019798
1722500700,64432,64432,64426,64426,0.00394109
1722500760,64432,64432,64410,64411,0.04733401
1722500820,64404,64431,64404,64426,0.02597874
1722500880,64411,64428,64411,64420,0.02283570
1722500940,64419,64423,64419,64423,0.00231175
1722501000,64424,64449,64402,64402,0.36606645
1722501060,64407,64418,64401,64418,0.15098215
1722501120,64429,64429,64414,64415,0.19258532
1722501180,64397,64419,64397,64419,0.00773736
1722501240,64434,64460,64434,64460,1.09866075
1722501300,64460,64468,64460,64468,0.09120230
1722501360,64468,64483,64468,64482,1.26925858
1722501420,64483,64483,64483,64483,0.07310000
1722501480,64483,64483,64483,64483,0.07297231
1722501540,64483,64491,64483,64491,1.22555828
1722501600,64491,64513,64477,64480,1.68467384
1722501660,64489,64503,64489,64503,0.07485700
1722501720,64506,64506,64482,64482,0.08813070
1722501780,64483,64500,64450,64470,0.21779459
1722501840,64467,64496,64467,64482,0.06403397
1722501900,64478,64478,64449,64451,0.64346195
1722501960,64451,64451,64439,64451,0.05203457
1722502020,64450,64450,64424,64424,0.00724378
1722502080,64426,64456,64418,64418,0.08883657
1722502140,64414,64414,64397,64403,0.10791203
1722502200,64404,64414,64404,64406,0.16787261
1722502260,64403,64413,64387,64413,0.10444114
1722502320,64407,64452,64407,64451,0.02796718
1722502380,64450,64450,64438,64440,0.00909950
1722502440,64452,64470,64452,64470,0.02505725
1722502500,64470,64470,64466,64466,0.01877422
1722502560,64456,64470,64456,64470,0.08476628
1722502620,64476,64496,64467,64473,0.21868736
1722502680,64471,64471,64469,64469,0.00347440
1722502740,64477,64477,64470,64470,0.00227112
1722502800,64470,64498,64470,64480,0.35050960
1722502860,64478,64478,64467,64467,0.00471495
1722502920,64443,64469,64443,64469,0.00121270
1722502980,64493,64493,64492,64492,0.00912533
1722503040,64478,64478,64463,64466,0.46806447
1722503100,64497,64500,64495,64495,0.42570965
1722503160,64495,64500,64495,64500,0.00140073
1722503220,64507,64514,64507,64514,0.06918033
1722503280,64514,64514,64514,64514,0.10046000
1722503340,64514,64530,64514,64530,1.61261784
1722503400,64537,64576,64537,64576,2.78525649
1722503460,64575,64607,64575,64607,2.45737289
1722503520,64607,64623,64607,64623,1.40936991
1722503580,64623,64661,64623,64642,0.15156431
1722503640,64621,64621,64608,64619,0.00996746
1722503700,64628,64628,64599,64599,0.00492395
1722503760,64599,64627,64568,64568,1.00617880
1722503820,64568,64568,64560,64560,0.00144032
1722503880,64577,64584,64566,64584,0.16993031
1722503940,64584,64584,64583,64583,0.50334451
1722504000,64591,64591,64578,64578,0.00356096
1722504060,64596,64596,64582,64582,0.00581488
1722504120,64603,64603,64584,64584,0.01844647
1722504180,64590,64596,64572,64575,0.21674693
1722504240,64581,64581,64578,64579,0.18345059
1722504300,64586,64586,64567,64567,0.00195604
1722504360,64566,64570,64556,64556,0.03026682
1722504420,64556,64566,64555,64566,0.09422917
1722504480,64605,64605,64605,64605,0.00101000
1722504540,64605,64605,64583,64583,0.01140329
1722504600,64579,64579,64569,64569,0.00161043
1722504660,64550,64575,64550,64574,0.46550211
1722504720,64582,64582,64573,64575,0.00709176
1722504780,64573,64573,64554,64554,0.07666383
1722504840,64563,64563,64533,64534,0.11148311
1722504900,64536,64536,64522,64522,0.00165594
1722504960,64544,64544,64522,64538,0.04455295
1722505020,64523,64523,64522,64522,0.76949818
1722505080,64556,64556,64552,64552,0.00291338
1722505140,64552,64552,64552,64552,0.00846738
1722505200,64551,64551,64531,64535,0.00796801
1722505260,64535,64535,64512,64517,0.08046530
1722505320,64515,64515,64511,64512,0.16206235
1722505380,64512,64512,64512,64512,0.01059222
1722505440,64512,64512,64506,64506,0.00798076
1722505500,64496,64496,64468,64469,0.01925841
1722505560,64460,64488,64453,64488,11.91510776
1722505620,64491,64502,64463,64463,0.47521219
1722505680,64494,64498,64481,64481,0.01692623
1722505740,64491,64497,64476,64481,0.07054850
1722505800,64488,64488,64480,64481,0.00152027
1722505860,64479,64479,64460,64460,0.02226430
1722505920,64452,64452,64437,64438,1.19338070
1722505980,64438,64449,64437,64449,1.05670523
1722506040,64449,64475,64449,64458,0.00686055
1722506100,64458,64460,64440,64441,0.08253339
1722506160,64448,64456,64448,64456,0.00359723
1722506220,64455,64455,64454,64454,0.00174856
1722506280,64456,64456,64439,64446,0.67051629
1722506340,64441,64441,64438,64438,0.01053996
1722506400,64438,64438,64415,64424,1.30286262
1722506460,64423,64423,64390,64390,2.56022144
1722506520,64385,64386,64367,64386,1.30610767
1722506580,64375,64379,64373,64378,0.00637919
1722506640,64367,64367,64344,64344,1.95128983
1722506700,64345,64345,64321,64321,2.15612911
1722506760,64330,64355,64327,64328,2.22822348
1722506820,64362,64373,64358,64373,0.15062573
1722506880,64367,64367,64359,64359,0.01959520
1722506940,64362,64363,64360,64360,0.07597659
1722507000,64365,64365,64358,64358,0.00172464
1722507060,64380,64400,64366,64400,0.42766304
1722507120,64398,64424,64398,64424,0.08476218
1722507180,64427,64427,64392,64392,0.07423190
1722507240,64391,64391,64382,64382,0.00196899
1722507300,64369,64376,64346,64376,0.08045880
1722507360,64373,64376,64348,64366,0.30929058
1722507420,64361,64361,64328,64334,0.08482956
1722507480,64370,64370,64349,64349,0.09327120
1722507540,64377,64377,64346,64346,0.01283889
1722507600,64344,64344,64327,64334,0.11701420
1722507660,64323,64323,64305,64305,1.25156124
1722507720,64318,64318,64295,64308,2.54549034
1722507780,64388,64388,64353,64353,0.00343284
1722507840,64349,64368,64348,64368,0.18300149
1722507900,64363,64363,64326,64353,5.97152815
1722507960,64387,64397,64387,64397,0.01041452
1722508020,64397,64397,64397,64397,0.00000000
1722508080,64399,64418,64399,64418,0.04178591
1722508140,64421,64459,64421,64456,1.51124406
1722508200,64453,64457,64434,64434,0.09927307
1722508260,64436,64441,64425,64438,0.84918505
1722508320,64434,64436,64413,64423,0.10992232
1722508380,64438,64438,64411,64431,0.29258090
1722508440,64437,64437,64430,64434,0.03000602
1722508500,64447,64451,64447,64450,0.01646735
1722508560,64458,64468,64456,64468,0.07352610
1722508620,64480,64482,64477,64482,0.00372209
1722508680,64481,64481,64480,64480,0.19410464
1722508740,64479,64479,64444,64444,0.01395627
1722508800,64445,64445,64427,64428,0.01240194
1722508860,64425,64442,64423,64425,0.56590380
1722508920,64440,64448,64440,64448,0.00153952
1722508980,64466,64470,64446,64446,0.03644038
1722509040,64427,64427,64425,64425,0.19396084
1722509100,64427,64427,64427,64427,0.03571938
1722509160,64444,64468,64444,64463,0.01104065
1722509220,64468,64481,64468,64481,0.25079422
1722509280,64481,64481,64463,64463,0.32536055
1722509340,64463,64479,64462,64477,0.59227062
1722509400,64488,64488,64488,64488,0.09503365
1722509460,64488,64499,64488,64499,15.32008255
1722509520,64504,64505,64490,64505,0.11349964
1722509580,64505,64505,64495,64495,0.30243224
1722509640,64506,64506,64499,64499,0.19355587
1722509700,64500,64506,64500,64506,0.25170221
1722509760,64506,64512,64506,64512,0.28939913
1722509820,64513,64514,64513,64514,0.58739086
1722509880,64522,64567,64522,64566,3.56462568
1722509940,64561,64561,64549,64549,0.22121584
1722510000,64559,64568,64548,64548,0.24334794
1722510060,64546,64546,64529,64531,0.10517232
1722510120,64530,64530,64503,64511,0.29828128
1722510180,64531,64555,64528,64547,0.46907285
1722510240,64568,64576,64567,64576,0.93345381
1722510300,64580,64580,64533,64549,0.28194914
1722510360,64584,64592,64570,64570,0.69666746
1722510420,64570,64588,64556,64579,0.24007973
1722510480,64574,64584,64574,64584,0.01143048
1722510540,64592,64592,64552,64552,0.19496857
1722510600,64550,64550,64545,64547,0.22714347
1722510660,64552,64552,64518,64518,0.36940155
1722510720,64522,64522,64474,64480,0.17030190
1722510780,64472,64481,64472,64473,0.00307793
1722510840,64473,64495,64462,64462,0.12118903
1722510900,64451,64451,64430,64442,0.00434084
1722510960,64442,64442,64440,64442,0.08590299
1722511020,64449,64485,64449,64485,0.46481717
1722511080,64495,64495,64495,64495,0.00312736
1722511140,64509,64509,64485,64485,0.03942091
1722511200,64508,64508,64467,64467,0.00881245
1722511260,64478,64478,64453,64466,0.07073107
1722511320,64466,64466,64466,64466,0.00000000
1722511380,64472,64484,64471,64471,0.10663706
1722511440,64485,64492,64485,64492,0.01689548
1722511500,64491,64491,64457,64465,0.08447921
1722511560,64466,64526,64466,64526,12.83026210
1722511620,64538,64538,64514,64520,0.22566874
1722511680,64522,64538,64503,64538,0.01013690
1722511740,64558,64558,64551,64551,0.05034572
1722511800,64542,64551,64538,64538,0.13602152
1722511860,64561,64561,64525,64525,0.65425551
1722511920,64531,64531,64521,64521,0.66556724
1722511980,64521,64521,64488,64510,0.51981568
1722512040,64515,64515,64490,64490,0.24613306
1722512100,64489,64504,64489,64495,0.05211041
1722512160,64494,64498,64494,64498,0.20334235
1722512220,64524,64534,64502,64502,0.08179432
1722512280,64502,64502,64483,64497,0.01957746
1722512340,64498,64498,64492,64496,0.11877572
1722512400,64476,64484,64476,64484,0.04900828
1722512460,64482,64482,64470,64470,0.00078668
1722512520,64461,64500,64460,64499,0.21344578
1722512580,64523,64573,64509,64573,0.58093179
1722512640,64592,64600,64592,64599,1.07035313
1722512700,64600,64600,64600,64600,0.00081000
1722512760,64599,64599,64569,64581,0.33079089
1722512820,64577,64592,64573,64582,2.40550548
1722512880,64581,64586,64581,64586,0.00264000
1722512940,64596,64596,64500,64500,0.11443895
1722513000,64534,64557,64510,64557,0.08471600
1722513060,64558,64596,64558,64596,1.77571639
1722513120,64600,64600,64600,64600,0.03627021
1722513180,64600,64623,64600,64623,9.45532038
1722513240,64622,64622,64605,64606,0.11113790
1722513300,64622,64630,64622,64630,0.41233146
1722513360,64630,64646,64630,64636,1.26777747
1722513420,64642,64646,64642,64646,0.45639453
1722513480,64646,64646,64638,64638,0.01766763
1722513540,64643,64644,64642,64643,0.00341347
1722513600,64646,64646,64614,64619,0.50100102
1722513660,64636,64636,64618,64618,0.26026276
1722513720,64623,64624,64623,64624,0.61638320
1722513780,64637,64685,64637,64684,2.56339873
1722513840,64684,64685,64671,64685,0.50266992
1722513900,64685,64700,64681,64696,1.44852085
1722513960,64695,64695,64675,64683,0.18055572
1722514020,64687,64698,64687,64695,0.61986380
1722514080,64693,64700,64685,64700,0.58941171
1722514140,64708,64712,64687,64701,1.14562354
1722514200,64698,64726,64682,64682,3.83798334
1722514260,64713,64713,64711,64711,0.47408900
1722514320,64711,64755,64711,64755,2.27148829
1722514380,64762,64762,64720,64762,0.29322775
1722514440,64762,64772,64760,64764,1.28461935
1722514500,64768,64769,64767,64767,0.26823820
1722514560,64769,64817,64766,64817,4.31711312
1722514620,64822,64871,64822,64858,3.33194258
1722514680,64860,64869,64807,64822,0.36746109
1722514740,64835,64840,64833,64833,0.69585420
1722514800,64870,64870,64780,64783,4.59984521
1722514860,64793,64799,64757,64779,0.02508183
1722514920,64777,64777,64749,64749,0.24305260
1722514980,64747,64747,64698,64707,0.11146067
1722515040,64708,64727,64696,64723,0.28042442
1722515100,64748,64772,64748,64772,0.27708108
1722515160,64781,64781,64756,64765,0.16644877
1722515220,64778,64778,64737,64737,0.00597267
1722515280,64736,64736,64696,64705,0.10837817
1722515340,64698,64702,64688,64702,0.26615217
1722515400,64716,64743,64707,64743,0.94739890
1722515460,64743,64811,64743,64764,1.19495014
1722515520,64760,64783,64756,64774,0.27831146
1722515580,64764,64767,64750,64766,1.92572312
1722515640,64769,64816,64769,64816,2.33721100
1722515700,64846,64871,64846,64871,0.27568106
1722515760,64870,64875,64840,64870,2.45181465
1722515820,64874,64874,64831,64837,0.07728827
1722515880,64837,64870,64837,64848,0.94437210
1722515940,64859,64864,64839,64840,0.03538599
1722516000,64833,64854,64776,64776,0.03872818
1722516060,64777,64797,64760,64772,0.17255768
1722516120,64796,64796,64762,64762,0.37296525
1722516180,64750,64754,64737,64754,0.34523031
1722516240,64750,64752,64750,64752,0.00263038
1722516300,64752,64752,64728,64733,0.37316296
1722516360,64739,64768,64739,64758,0.02749733
1722516420,64745,64766,64745,64766,0.05652199
1722516480,64778,64778,64766,64778,0.29738115
1722516540,64784,64784,64769,64769,0.01675436
1722516600,64765,64786,64757,64760,0.79516117
1722516660,64771,64781,64771,64780,0.11174463
1722516720,64781,64868,64781,64849,5.17323372
1722516780,64849,64863,64849,64862,0.57479496
1722516840,64868,64868,64868,64868,0.00283679
1722516900,64868,64868,64849,64858,0.71917336
1722516960,64858,64870,64858,64866,0.00445930
1722517020,64869,64872,64867,64867,0.39106615
1722517080,64861,64862,64861,64862,0.31609826
1722517140,64862,64862,64858,64862,0.32693567
1722517200,64861,64910,64857,64910,2.94424123
1722517260,64917,64917,64881,64881,0.32341934
1722517320,64881,64881,64821,64841,0.32977697
1722517380,64838,64840,64786,64789,0.90854655
1722517440,64783,64793,64778,64784,0.34383466
1722517500,64774,64785,64773,64782,0.16138165
1722517560,64780,64780,64774,64775,0.01960749
1722517620,64774,64774,64730,64731,0.11553166
1722517680,64728,64735,64709,64709,13.97609609
1722517740,64708,64708,64677,64690,2.41321015
1722517800,64685,64701,64677,64677,0.29711643
1722517860,64678,64689,64662,64676,1.14477350
1722517920,64676,64711,64676,64710,0.08545005
1722517980,64714,64744,64689,64699,0.41506569
1722518040,64704,64711,64704,64711,0.00156436
1722518100,64722,64722,64718,64718,0.00396218
1722518160,64721,64721,64661,64695,0.80451906
1722518220,64696,64713,64696,64712,0.12215208
1722518280,64713,64717,64699,64699,0.12157042
1722518340,64679,64684,64666,64672,0.31402413
1722518400,64672,64695,64615,64638,3.65433457
1722518460,64642,64642,64608,64619,0.47820263
1722518520,64619,64634,64599,64634,1.57626180
1722518580,64634,64637,64629,64637,0.63464974
1722518640,64634,64636,64634,64634,0.30554846
1722518700,64634,64642,64634,64642,0.46593460
1722518760,64638,64641,64634,64641,0.26390171
1722518820,64638,64646,64633,64633,0.51393915
1722518880,64620,64627,64605,64605,0.43504578
1722518940,64599,64599,64554,64569,4.02296534
1722519000,64569,64584,64569,64570,0.09697136
1722519060,64569,64637,64569,64637,0.35869974
1722519120,64642,64642,64600,64622,0.13195727
1722519180,64614,64633,64607,64624,0.29172325
1722519240,64632,64636,64590,64592,0.28009243
1722519300,64592,64592,64491,64514,6.20982840
1722519360,64502,64507,64452,64460,2.32258478
1722519420,64483,64491,64438,64438,2.99693160
1722519480,64466,64479,64451,64456,11.73165681
1722519540,64457,64478,64457,64478,0.49251822
1722519600,64487,64521,64487,64521,0.24944034
1722519660,64521,64535,64497,64533,0.13897023
1722519720,64528,64529,64492,64504,1.58655612
1722519780,64510,64569,64510,64569,0.03306397
1722519840,64589,64692,64589,64691,17.72850395
1722519900,64691,64692,64669,64687,0.22185399
1722519960,64687,64687,64641,64641,0.24662765
1722520020,64635,64692,64635,64692,0.28355223
1722520080,64692,64755,64692,64755,4.16650866
1722520140,64755,64840,64755,64840,7.05894319
1722520200,64848,64848,64745,64745,1.61341844
1722520260,64746,64756,64700,64708,0.03162684
1722520320,64699,64703,64634,64686,14.87229211
1722520380,64679,64716,64679,64715,0.44041934
1722520440,64716,64759,64716,64729,0.24070741
1722520500,64716,64827,64716,64817,0.27233092
1722520560,64816,64816,64785,64785,0.08397261
1722520620,64785,64785,64754,64754,0.08585679
1722520680,64754,64757,64708,64723,0.58833992
1722520740,64710,64710,64688,64703,1.00292203
1722520800,64725,64725,64665,64686,0.59199353
1722520860,64680,64680,64631,64673,0.13544637
1722520920,64686,64746,64670,64746,0.23498363
1722520980,64744,64746,64677,64686,0.86089971
1722521040,64651,64654,64633,64643,0.95289620
1722521100,64632,64632,64546,64546,6.19708668
1722521160,64545,64545,64463,64466,5.74436300
1722521220,64466,64488,64459,64488,0.08092170
1722521280,64527,64550,64524,64543,0.38566909
1722521340,64538,64539,64505,64505,0.59311881
1722521400,64515,64551,64515,64524,0.48879071
1722521460,64537,64558,64529,64558,0.01870753
1722521520,64553,64569,64553,64568,0.01353825
1722521580,64569,64645,64569,64645,0.51772582
1722521640,64654,64654,64609,64609,0.43536979
1722521700,64608,64608,64486,64504,1.73625386
1722521760,64521,64545,64468,64468,0.54724885
1722521820,64461,64495,64460,64479,0.09388324
1722521880,64481,64496,64414,64441,4.46891483
1722521940,64427,64427,64339,64373,6.12663535
1722522000,64375,64404,64313,64343,2.53924709
1722522060,64326,64381,64326,64359,0.22026784
1722522120,64430,64430,64390,64390,0.71246756
1722522180,64390,64390,64353,64376,0.54166831
1722522240,64357,64413,64340,64405,0.02796561
1722522300,64404,64444,64402,64407,0.09087979
1722522360,64398,64398,64338,64384,0.80307412
1722522420,64384,64395,64326,64326,0.53644443
1722522480,64337,64337,64267,64270,3.62917500
1722522540,64260,64260,64136,64175,11.35669400
1722522600,64209,64209,64157,64157,0.01673582
1722522660,64155,64164,64067,64082,12.29879357
1722522720,64074,64082,64051,64052,1.95622568
1722522780,64072,64134,64063,64112,0.99118458
1722522840,64127,64175,64116,64117,3.26344004
1722522900,64112,64143,64093,64140,4.04395750
1722522960,64153,64178,64152,64152,3.77067128
1722523020,64179,64242,64179,64242,5.30925702
1722523080,64238,64259,64237,64247,18.47413236
1722523140,64267,64313,64267,64313,10.11960476
1722523200,64321,64410,64321,64364,13.91080449
1722523260,64366,64387,64312,64343,11.36534424
1722523320,64345,64346,64278,64278,2.91013276
1722523380,64246,64264,64215,64259,0.48796994
1722523440,64264,64277,64246,64246,1.82095075
1722523500,64249,64249,64190,64210,15.77988692
1722523560,64255,64255,64151,64152,3.32395808
1722523620,64155,64155,64051,64051,7.50172596
1722523680,64050,64087,64049,64056,0.02298049
1722523740,64054,64096,64044,64056,0.66249840
1722523800,64057,64161,64057,64130,2.94277483
1722523860,64120,64157,64064,64113,3.88258338
1722523920,64093,64144,64060,64144,5.03336994
1722523980,64134,64150,64060,64080,5.35226039
1722524040,64079,64086,64045,64070,6.45546237
1722524100,64101,64119,63976,63998,10.53116831
1722524160,63994,64045,63987,64045,1.17302220
1722524220,64050,64084,64007,64012,8.42557558
1722524280,64004,64007,63956,63957,5.73210004
1722524340,63964,63968,63905,63908,4.97580282
1722524400,63907,63940,63852,63852,10.10935614
1722524460,63850,63855,63635,63721,16.49089020
1722524520,63721,63826,63721,63814,6.99012730
1722524580,63818,63820,63621,63688,8.45192130
1722524640,63700,63700,63615,63674,0.34035099
1722524700,63736,63782,63702,63725,0.94796523
1722524760,63762,63844,63762,63788,0.81059096
1722524820,63678,63812,63678,63812,0.33864136
1722524880,63807,63807,63653,63755,0.58251438
1722524940,63781,63797,63723,63732,7.29834990
1722525000,63726,63815,63726,63810,0.40743937
1722525060,63771,63781,63724,63754,0.38272709
1722525120,63746,63746,63683,63683,0.10003638
1722525180,63679,63681,63621,63681,0.10970317
1722525240,63673,63729,63610,63610,0.80501663
1722525300,63634,63688,63577,63677,3.85244721
1722525360,63690,63719,63590,63592,1.89674486
1722525420,63569,63674,63493,63645,7.61174555
1722525480,63627,63642,63539,63539,4.22307378
1722525540,63526,63526,63318,63353,46.64463203
1722525600,63358,63378,63242,63285,32.01572325
1722525660,63283,63283,62962,63043,28.30879428
1722525720,63076,63242,63076,63156,10.03347534
1722525780,63167,63240,63092,63092,6.52064573
1722525840,63049,63166,63049,63138,5.91105381
1722525900,63113,63153,63095,63139,2.57770926
1722525960,63099,63153,63077,63096,0.26730449
1722526020,63077,63077,62886,62886,12.29502738
1722526080,62879,62977,62821,62929,4.97598093
1722526140,62954,62969,62899,62928,1.33884566
1722526200,62926,62948,62862,62887,0.89901224
1722526260,62842,62866,62645,62645,16.00685393
1722526320,62640,62916,62624,62889,9.17797365
1722526380,62889,62892,62755,62755,4.00710359
1722526440,62749,62835,62723,62817,6.57735045
1722526500,62873,63006,62828,63003,22.96513505
1722526560,63003,63003,62909,62919,3.13738972
1722526620,62897,62935,62750,62807,4.14367523
1722526680,62826,62927,62812,62927,2.33790731
1722526740,62937,62953,62822,62863,1.33994783
1722526800,62869,62873,62722,62833,23.39914315
1722526860,62835,62841,62755,62825,1.86840679
1722526920,62821,62955,62818,62940,2.74903910
1722526980,62951,62951,62848,62854,1.44636506
1722527040,62886,62923,62833,62903,1.14765907
1722527100,62902,62969,62894,62931,0.44390617
1722527160,62890,62957,62878,62879,1.45740156
1722527220,62867,62879,62758,62764,0.62027361
1722527280,62774,62899,62741,62899,2.24155361
1722527340,62879,62883,62805,62829,0.96214243
1722527400,62831,62837,62742,62750,0.75266436
1722527460,62750,62862,62731,62862,1.66362349
1722527520,62862,62882,62821,62840,1.16695833
1722527580,62825,62879,62764,62879,0.94009622
1722527640,62878,62922,62827,62921,1.02771081
1722527700,62931,63022,62918,63022,1.47007294
1722527760,63030,63083,63030,63046,25.87170684
1722527820,63023,63090,63023,63042,1.82903221
1722527880,63078,63078,62941,62941,0.34740039
1722527940,62945,62945,62848,62849,0.01918933
1722528000,62849,62875,62825,62832,0.20720501
1722528060,62830,62874,62781,62781,0.11276493
1722528120,62774,62784,62735,62735,25.84644656
1722528180,62736,62844,62683,62819,9.02575465
1722528240,62840,62867,62794,62847,1.27328438
1722528300,62792,62867,62773,62788,0.10464277
1722528360,62831,62989,62816,62973,0.98663333
1722528420,62975,63037,62956,63009,0.20739219
1722528480,62979,62990,62960,62981,0.00961714
1722528540,62943,62969,62894,62901,0.30470084
1722528600,62924,62951,62846,62945,0.10910571
1722528660,62931,62994,62896,62994,0.04600329
1722528720,62980,63047,62980,63029,0.49222856
1722528780,63052,63052,63022,63041,0.37140649
1722528840,63043,63046,63007,63016,0.15264691
1722528900,63015,63060,62959,63059,1.00465564
1722528960,63039,63075,62979,62979,29.67268128
1722529020,62985,63042,62985,62986,0.48410892
1722529080,63002,63121,63002,63105,3.38632814
1722529140,63093,63113,63041,63041,1.28882985
1722529200,63034,63053,63007,63008,0.07171100
1722529260,63011,63110,63011,63043,2.11475877
1722529320,63069,63081,63012,63045,0.45572250
1722529380,63042,63142,63042,63116,2.48828483
1722529440,63115,63119,63029,63075,0.58403414
1722529500,63039,63086,63009,63077,1.97200503
1722529560,63081,63112,63016,63016,4.66534381
1722529620,63022,63026,62847,62869,1.69141532
1722529680,62873,62947,62853,62925,1.51222485
1722529740,62934,62934,62869,62880,0.54713163
1722529800,62860,62880,62829,62875,1.66857236
1722529860,62929,62954,62876,62892,0.09060170
1722529920,62914,62914,62861,62867,0.06067626
1722529980,62873,62949,62851,62851,0.27575290
1722530040,62848,62869,62769,62820,0.25962463
1722530100,62822,62899,62822,62855,0.16246175
1722530160,62856,62949,62856,62937,0.55626960
1722530220,62936,62936,62842,62857,1.04472535
1722530280,62846,62878,62813,62878,1.07804069
1722530340,62882,62882,62799,62809,0.08986432
1722530400,62804,62852,62773,62810,0.68171445
1722530460,62804,62804,62751,62786,0.09055058
1722530520,62792,62807,62720,62720,0.14897089
1722530580,62744,62757,62692,62699,0.14230682
1722530640,62704,62743,62695,62743,3.00186364
1722530700,62690,62735,62625,62686,38.65005800
1722530760,62706,62815,62706,62815,0.10398587
1722530820,62841,62879,62841,62850,0.08556957
1722530880,62843,62927,62843,62919,0.20198624
1722530940,62869,62884,62834,62884,0.01064531
1722531000,62876,62876,62831,62876,0.59738729
1722531060,62885,62915,62840,62865,1.04112582
1722531120,62871,62877,62811,62827,1.15589528
1722531180,62858,62907,62858,62883,0.02404437
1722531240,62858,62858,62827,62852,1.16493739
1722531300,62838,62838,62769,62786,0.93516022
1722531360,62802,62834,62781,62834,0.08685092
1722531420,62873,62890,62844,62888,0.16667922
1722531480,62894,62894,62854,62862,0.17113227
1722531540,62843,62860,62843,62860,0.03265799
1722531600,62855,62872,62794,62801,0.06894782
1722531660,62830,62833,62745,62750,0.79816583
1722531720,62747,62752,62701,62711,20.28678991
1722531780,62713,62752,62694,62752,34.84448670
1722531840,62723,62723,62703,62709,0.00363414
1722531900,62692,62724,62661,62716,1.63201436
1722531960,62710,62736,62667,62668,0.18806332
1722532020,62667,62704,62667,62694,0.69813939
1722532080,62666,62685,62649,62662,6.10977956
1722532140,62666,62666,62637,62648,0.41957144
1722532200,62630,62647,62498,62596,13.94651405
1722532260,62607,62678,62576,62643,0.30882448
1722532320,62644,62685,62628,62628,24.15584225
1722532380,62646,62653,62561,62561,0.20951087
1722532440,62542,62600,62542,62599,1.65284872
1722532500,62592,62682,62572,62682,0.46260263
1722532560,62637,62685,62627,62685,1.70784547
1722532620,62687,62687,62626,62640,0.35502339
1722532680,62603,62656,62603,62615,0.19367874
1722532740,62627,62634,62579,62592,0.25572623
1722532800,62586,62597,62556,62566,0.03102149
1722532860,62569,62569,62538,62558,34.95806391
1722532920,62556,62591,62551,62554,9.27773498
1722532980,62545,62552,62450,62450,7.66395318
1722533040,62451,62548,62450,62508,45.25329495
1722533100,62527,62549,62510,62510,0.61192474
1722533160,62532,62532,62479,62483,0.89005674
1722533220,62490,62508,62458,62508,1.55511763
1722533280,62557,62624,62555,62624,0.05438569
1722533340,62624,62631,62606,62628,0.18164861
1722533400,62614,62621,62587,62601,0.84896534
1722533460,62596,62664,62596,62664,0.71303245
1722533520,62666,62697,62666,62697,0.25907329
1722533580,62686,62695,62672,62692,0.02441327
1722533640,62710,62710,62640,62662,0.38920474
1722533700,62688,62688,62635,62642,0.66290684
1722533760,62628,62628,62494,62494,0.51583373
1722533820,62505,62529,62424,62483,3.10408066
1722533880,62536,62587,62533,62585,0.35976859
1722533940,62577,62579,62528,62542,0.24376145
1722534000,62542,62557,62340,62340,8.12268560
1722534060,62390,62426,62385,62393,0.37416854
1722534120,62386,62386,62351,62361,0.58722833
1722534180,62347,62367,62263,62289,15.57949149
1722534240,62262,62320,62248,62272,8.24921352
1722534300,62242,62297,62233,62292,1.96054658
1722534360,62246,62426,62244,62426,40.13528120
1722534420,62426,62426,62413,62413,3.89669252
1722534480,62358,62426,62358,62426,7.65660476
1722534540,62426,62479,62420,62479,35.54389318
1722534600,62472,62626,62472,62621,1.96191856
1722534660,62621,62840,62619,62834,1.54303886
1722534720,62833,62855,62727,62846,4.48028520
1722534780,62867,62964,62848,62964,5.24958103
1722534840,62947,62976,62880,62899,1.16774797
1722534900,62942,63019,62942,63009,0.85507806
1722534960,62993,62998,62932,62948,0.53104749
1722535020,62939,62973,62938,62960,0.61547012
1722535080,62973,63159,62973,63159,1.72485302
1722535140,63159,63166,63147,63148,4.98176376
1722535200,63153,63154,63061,63065,1.08686485
1722535260,63035,63166,63035,63152,1.50760994
1722535320,63146,63153,63060,63151,0.35152370
1722535380,63144,63153,63086,63132,4.01471447
1722535440,63111,63159,63083,63138,0.28850060
1722535500,63138,63159,63117,63144,0.42840579
1722535560,63117,63150,63068,63144,0.41285564
1722535620,63144,63150,63143,63149,0.17228636
1722535680,63150,63150,63121,63140,4.45708095
1722535740,63101,63101,62957,62957,0.05586693
1722535800,62954,62955,62854,62921,1.69789520
1722535860,62930,63021,62925,63021,0.51989196
1722535920,63021,63033,62973,63031,0.18193040
1722535980,63040,63105,63040,63105,0.05726794
1722536040,63119,63166,63119,63166,52.72049271
1722536100,63166,63227,63165,63227,18.96187075
1722536160,63227,63330,63227,63330,8.17532281
1722536220,63327,63327,63242,63252,0.72994727
1722536280,63227,63228,63044,63081,1.33704636
1722536340,63081,63095,63020,63045,1.49529880
1722536400,63044,63080,63042,63067,2.54402079
1722536460,63067,63098,63045,63049,0.97208041
1722536520,63047,63188,63047,63123,1.37184613
1722536580,63111,63157,63087,63146,0.72058819
1722536640,63129,63129,63030,63035,1.71517606
1722536700,63035,63038,62986,62986,1.36085387
1722536760,62983,63000,62933,63000,0.62707938
1722536820,63000,63037,62994,62994,0.53343045
1722536880,63000,63017,62988,63002,0.46147293
1722536940,63002,63047,63002,63029,0.95317981
1722537000,62980,62999,62950,62950,0.21400907
1722537060,62930,62950,62907,62907,0.17069350
1722537120,62938,62976,62907,62910,0.50520617
1722537180,62906,62907,62885,62899,0.77332450
1722537240,62925,62940,62893,62893,12.45783692
1722537300,62893,62944,62893,62913,19.44312028
1722537360,62935,62936,62920,62930,2.08575892
1722537420,62930,62980,62930,62949,0.44877899
1722537480,62929,62929,62848,62848,0.25847997
1722537540,62859,62862,62832,62832,0.55657652
1722537600,62866,62924,62849,62908,0.33511238
1722537660,62921,62949,62866,62867,0.93415775
1722537720,62877,62877,62745,62745,0.36196884
1722537780,62745,62818,62737,62786,0.26256311
1722537840,62764,62804,62714,62745,1.81137740
1722537900,62741,62760,62725,62734,0.97077090
1722537960,62737,62737,62727,62727,5.76371313
1722538020,62727,62727,62727,62727,5.86868435
1722538080,62725,62727,62723,62726,14.78761331
1722538140,62726,62759,62726,62746,1.56764777
1722538200,62734,62793,62734,62778,0.88701621
1722538260,62786,62846,62768,62846,0.28637238
1722538320,62847,62847,62755,62766,0.20130166
1722538380,62765,62808,62765,62792,0.42936927
1722538440,62793,62884,62793,62797,0.45403695
1722538500,62760,62832,62756,62832,1.23233952
1722538560,62827,62864,62816,62864,0.68120043
1722538620,62864,62864,62840,62856,0.51189186
1722538680,62855,62862,62847,62847,0.56177760
1722538740,62846,62865,62813,62865,0.08182417
1722538800,62861,62927,62847,62927,0.12166838
1722538860,62963,62963,62912,62920,0.09699999
1722538920,62916,62989,62916,62989,0.56816920
1722538980,62989,63086,62989,63080,0.92903947
1722539040,63069,63107,63069,63077,0.25274177
1722539100,63092,63174,63091,63174,0.95089895
1722539160,63166,63166,63069,63069,0.46055674
1722539220,63090,63150,63088,63119,0.50373028
1722539280,63119,63119,63084,63097,0.36739984
1722539340,63098,63133,63092,63092,0.24559037
1722539400,63095,63095,63039,63088,0.62725269
1722539460,63050,63097,63024,63097,6.38447282
1722539520,63127,63208,63127,63131,0.53426784
1722539580,63163,63205,63163,63205,1.76328827
1722539640,63150,63164,63127,63164,3.95208898
1722539700,63148,63148,63087,63087,0.45300999
1722539760,63074,63077,63028,63028,0.39743926
1722539820,63029,63084,63026,63063,0.92053800
1722539880,63063,63147,63063,63147,0.47683398
1722539940,63137,63138,63094,63136,0.49884233
1722540000,63123,63143,63096,63106,0.47818140
1722540060,63106,63168,63102,63168,0.81292477
1722540120,63168,63237,63167,63209,0.85910330
1722540180,63200,63230,63200,63230,0.81652898
1722540240,63216,63267,63216,63258,0.46228523
1722540300,63258,63265,63253,63253,0.54187396
1722540360,63254,63265,63254,63263,0.22841117
1722540420,63263,63263,63192,63226,0.72686150
1722540480,63229,63230,63222,63230,0.19238576
1722540540,63221,63247,63204,63247,0.76859142
1722540600,63265,63296,63265,63289,0.25645318
1722540660,63296,63330,63296,63310,0.57917991
1722540720,63311,63311,63230,63230,0.62080018
1722540780,63227,63234,63219,63234,0.38905206
1722540840,63234,63263,63195,63195,0.14785145
1722540900,63169,63213,63165,63213,0.17396648
1722540960,63209,63276,63209,63255,0.30446168
1722541020,63274,63285,63252,63285,0.35113567
1722541080,63297,63322,63297,63307,0.17351237
1722541140,63283,63294,63263,63269,0.65450938
1722541200,63272,63276,63221,63254,0.59229248
1722541260,63246,63246,63223,63228,0.20676324
1722541320,63221,63221,63177,63178,0.60219702
1722541380,63175,63241,63175,63241,0.78874141
1722541440,63241,63255,63235,63255,0.49679440
1722541500,63253,63267,63215,63223,0.38291177
1722541560,63223,63257,63216,63257,0.43906324
1722541620,63257,63267,63243,63267,6.05888261
1722541680,63267,63267,63267,63267,3.30342782
1722541740,63267,63267,63266,63267,26.60709152
1722541800,63267,63374,63266,63374,2.28033921
1722541860,63367,63393,63354,63354,0.46629859
1722541920,63354,63399,63354,63373,0.85808488
1722541980,63350,63371,63327,63337,0.79627165
1722542040,63336,63336,63290,63328,0.92278519
1722542100,63315,63364,63267,63267,0.41664672
1722542160,63253,63342,63252,63318,0.17881609
1722542220,63317,63359,63317,63351,0.50334024
1722542280,63350,63356,63305,63338,0.78143756
1722542340,63359,63393,63311,63389,1.88284172
1722542400,63340,63382,63326,63366,0.87965787
1722542460,63361,63420,63342,63356,1.58295977
1722542520,63342,63342,63275,63337,0.77148702
1722542580,63337,63337,63286,63286,0.35764359
1722542640,63315,63343,63295,63306,0.78169163
1722542700,63307,63346,63306,63333,0.68476557
1722542760,63327,63382,63327,63330,0.87497934
1722542820,63374,63374,63308,63356,2.08658318
1722542880,63356,63383,63356,63383,0.50411773
1722542940,63375,63453,63347,63419,0.72130141
1722543000,63424,63457,63422,63442,0.32247859
1722543060,63465,63477,63462,63464,0.52582777
1722543120,63422,63477,63422,63476,0.27940732
1722543180,63477,63496,63471,63472,0.55482263
1722543240,63452,63454,63426,63454,0.43259500
1722543300,63447,63472,63410,63410,0.45997448
1722543360,63411,63479,63411,63477,0.04590260
1722543420,63453,63491,63428,63491,0.11127208
1722543480,63499,63500,63458,63458,0.30278311
1722543540,63485,63487,63446,63449,0.38614298
1722543600,63432,63442,63415,63442,0.34020960
1722543660,63417,63427,63417,63417,0.14767303
1722543720,63392,63397,63310,63323,0.17470887
1722543780,63326,63344,63294,63294,0.58596119
1722543840,63300,63305,63283,63283,0.44821075
1722543900,63270,63323,63270,63323,0.43667218
1722543960,63323,63347,63301,63343,0.52726040
1722544020,63335,63341,63322,63327,0.29875549
1722544080,63348,63367,63345,63366,0.22368121
1722544140,63361,63484,63361,63484,5.47250754
1722544200,63499,63523,63439,63523,1.67529874
1722544260,63529,63653,63529,63653,27.67618968
1722544320,63653,63699,63653,63674,3.70915326
1722544380,63670,63670,63642,63647,1.79304353
1722544440,63643,63662,63634,63639,1.57613486
1722544500,63690,63863,63685,63848,8.04680214
1722544560,63845,64079,63845,64026,6.22000093
1722544620,64002,64129,63928,64129,3.06173479
1722544680,64094,64094,64022,64023,2.42595529
1722544740,64012,64012,63960,63970,2.30716499
1722544800,63959,63991,63937,63966,4.02243915
1722544860,63980,64015,63960,64003,4.69786489
1722544920,64003,64163,64003,64151,2.59601173
1722544980,64129,64204,64105,64107,1.54228649
1722545040,64100,64158,64100,64148,0.28745665
1722545100,64157,64290,64157,64192,0.57362349
1722545160,64189,64298,64189,64298,0.57467995
1722545220,64310,64321,64277,64321,29.45726128
1722545280,64321,64321,64296,64321,13.63820303
1722545340,64321,64537,64321,64492,12.03887483
1722545400,64489,64525,64461,64461,3.09579345
1722545460,64467,64624,64462,64604,12.88364844
1722545520,64602,64609,64558,64579,3.23462041
1722545580,64583,64604,64520,64520,0.92713141
1722545640,64535,64548,64419,64440,0.95206811
1722545700,64440,64451,64402,64451,0.77098268
1722545760,64469,64614,64464,64610,0.66202527
1722545820,64610,64638,64610,64634,0.76552044
1722545880,64628,64638,64557,64582,0.71056689
1722545940,64601,64686,64546,64686,0.96550693
1722546000,64692,64723,64692,64694,0.66463432
1722546060,64685,64730,64685,64730,0.49502595
1722546120,64730,64730,64604,64643,0.64750054
1722546180,64595,64678,64556,64629,16.57277727
1722546240,64616,64740,64616,64740,1.41460540
1722546300,64728,64817,64721,64797,27.16457942
1722546360,64795,64853,64781,64844,24.09468879
1722546420,64844,64851,64746,64799,21.17705174
1722546480,64797,64845,64795,64816,1.06978132
1722546540,64826,64847,64779,64779,2.08810968
1722546600,64743,64749,64656,64749,1.52131999
1722546660,64748,64748,64664,64707,0.99295272
1722546720,64725,64783,64697,64705,1.27566315
1722546780,64713,64776,64665,64671,1.05756391
1722546840,64666,64670,64646,64656,0.80768008
1722546900,64655,64661,64613,64661,2.66682394
1722546960,64650,64657,64597,64656,1.89577266
1722547020,64656,64770,64656,64743,0.56534627
1722547080,64741,64751,64681,64681,2.82349528
1722547140,64675,64743,64675,64743,5.38017109
1722547200,64737,64739,64703,64710,1.22236732
1722547260,64706,64720,64695,64716,2.88937144
1722547320,64707,64742,64668,64742,1.22046627
1722547380,64751,64824,64751,64821,1.64688399
1722547440,64821,64846,64765,64790,3.83797133
1722547500,64793,64826,64760,64813,1.63033216
1722547560,64813,64861,64813,64836,2.47793520
1722547620,64844,64853,64814,64841,2.64749543
1722547680,64841,64868,64753,64802,3.13102249
1722547740,64826,64827,64728,64794,2.37820855
1722547800,64744,64816,64721,64816,0.74905062
1722547860,64817,64826,64772,64826,1.17931262
1722547920,64832,64855,64821,64821,0.48623999
1722547980,64794,64828,64794,64826,0.30495030
1722548040,64826,64826,64737,64780,0.26255751
1722548100,64780,64790,64754,64759,0.33185296
1722548160,64758,64820,64758,64794,2.95538080
1722548220,64780,64801,64780,64791,2.18825818
1722548280,64769,64842,64769,64842,3.65340462
1722548340,64842,64874,64842,64874,4.53016860
1722548400,64878,64878,64810,64862,1.60642685
1722548460,64885,64928,64885,64928,0.61168694
1722548520,64927,64931,64926,64926,0.23710774
1722548580,64926,65041,64926,64939,0.98506565
1722548640,64944,65022,64944,65016,2.47973060
1722548700,65017,65168,65017,65153,44.26803021
1722548760,65150,65270,65150,65270,5.67855836
1722548820,65270,65282,65060,65062,0.65292133
1722548880,65060,65062,64920,64952,2.75830778
1722548940,64953,64958,64896,64896,0.68964236
1722549000,64893,64950,64880,64917,0.81928161
1722549060,64890,64895,64890,64895,0.28931965
1722549120,64895,64895,64880,64880,2.07018686
1722549180,64880,64880,64850,64850,0.32619956
1722549240,64847,64856,64812,64845,0.35790445
1722549300,64845,64845,64806,64818,7.34492110
1722549360,64816,64868,64816,64859,0.57801786
1722549420,64852,64865,64852,64862,0.46850936
1722549480,64862,64862,64817,64851,0.24699621
1722549540,64851,64851,64818,64818,0.51087613
1722549600,64830,64881,64830,64862,0.16132386
1722549660,64858,64858,64808,64834,0.95820627
1722549720,64855,64861,64848,64860,0.84034605
1722549780,64860,64860,64854,64854,0.24957477
1722549840,64854,64946,64854,64946,0.62828945
1722549900,64948,65096,64948,65096,0.13654755
1722549960,65096,65096,65002,65002,0.18217701
1722550020,64983,65060,64972,65060,0.43209055
1722550080,65051,65068,65032,65058,0.53588849
1722550140,65069,65150,65069,65132,0.89339426
1722550200,65141,65276,65127,65259,0.96332358
1722550260,65244,65326,65222,65245,0.77263062
1722550320,65238,65272,65236,65236,0.84803748
1722550380,65237,65331,65225,65305,3.35447072
1722550440,65298,65298,65246,65278,0.72563010
1722550500,65279,65339,65265,65339,1.14976103
1722550560,65329,65379,65291,65291,0.61093350
1722550620,65290,65295,65222,65230,0.87365285
1722550680,65224,65253,65186,65246,0.64904320
1722550740,65252,65301,65246,65295,0.50139644
1722550800,65296,65418,65295,65418,4.19006354
1722550860,65396,65399,65368,65399,2.51102169
1722550920,65404,65418,65359,65359,1.89693158
1722550980,65367,65402,65335,65377,0.64359117
1722551040,65361,65418,65361,65418,3.19357558
1722551100,65418,65489,65418,65489,11.67331940
1722551160,65489,65568,65426,65448,7.12863503
1722551220,65446,65521,65446,65521,1.01482159
1722551280,65518,65518,65364,65374,0.59036868
1722551340,65374,65471,65374,65457,1.22118404
1722551400,65456,65546,65456,65509,1.45722567
1722551460,65499,65550,65415,65415,0.86733886
1722551520,65406,65430,65373,65413,1.39921583
1722551580,65431,65431,65395,65396,0.44723510
1722551640,65399,65461,65373,65404,1.93847556
1722551700,65404,65491,65404,65453,1.83377019
1722551760,65445,65491,65445,65473,0.69208122
1722551820,65468,65527,65417,65417,1.92796277
1722551880,65417,65425,65353,65357,0.67196517
1722551940,65357,65412,65357,65404,2.44668023
1722552000,65390,65412,65368,65390,1.44168258
1722552060,65403,65403,65324,65347,3.68013824
1722552120,65347,65348,65287,65299,1.06944088
1722552180,65299,65305,65289,65292,3.59264750
1722552240,65292,65305,65279,65305,1.14266523
1722552300,65319,65364,65297,65364,6.43830972
1722552360,65371,65383,65340,65340,1.17037987
1722552420,65349,65361,65326,65339,2.87379262
1722552480,65339,65362,65313,65330,4.21573761
1722552540,65326,65327,65319,65327,1.01896192
1722552600,65327,65356,65298,65323,3.92620756
1722552660,65322,65329,65300,65310,1.73928599
1722552720,65310,65319,65272,65272,2.63445799
1722552780,65266,65284,65254,65284,1.65867361
1722552840,65272,65310,65248,65249,2.34617314
1722552900,65248,65273,65193,65198,1.29861750
1722552960,65199,65199,65090,65107,2.23365913
1722553020,65108,65192,65108,65168,2.70983939
1722553080,65167,65169,65151,65151,1.00955098
1722553140,65127,65150,65122,65141,1.16359643
1722553200,65123,65172,65122,65147,2.88678526
1722553260,65166,65176,65130,65176,2.61627089
1722553320,65186,65205,65169,65169,1.37769536
1722553380,65158,65165,65085,65117,1.59529710
1722553440,65117,65165,65117,65164,3.17470912
1722553500,65159,65159,65120,65134,2.01501804
1722553560,65132,65142,65077,65085,1.48111891
1722553620,65059,65060,65031,65042,2.20824029
1722553680,65049,65049,65012,65024,1.76800891
1722553740,65023,65023,64999,65020,0.47816300
1722553800,65020,65020,64970,64972,1.30042779
1722553860,64972,64972,64930,64930,0.05493400
1722553920,64926,65012,64926,65011,0.25370207
1722553980,65012,65030,65012,65030,1.84947706
1722554040,65030,65030,65011,65029,1.23593100
1722554100,65029,65030,65020,65020,0.62310365
1722554160,65019,65028,65010,65020,2.40517372
1722554220,65019,65027,64997,64997,1.07345028
1722554280,64973,65009,64966,65009,0.39221355
1722554340,65009,65009,64935,64950,0.17939971
1722554400,64961,64994,64960,64994,0.38369467
1722554460,64992,65010,64973,65010,0.40888117
1722554520,65010,65010,65004,65010,0.73576910
1722554580,65010,65010,64982,64982,0.14990933
1722554640,64973,64999,64970,64970,1.06950274
1722554700,64998,65008,64975,64976,0.45990708
1722554760,64976,65007,64976,64992,0.41408547
1722554820,64986,64986,64966,64966,0.07520609
1722554880,64967,65008,64967,65002,0.34527829
1722554940,65002,65040,65002,65038,6.02705150
1722555000,65035,65040,65004,65004,3.13604342
1722555060,65008,65008,64970,64970,0.11889062
1722555120,64969,65009,64965,65005,0.25136334
1722555180,65004,65025,64989,65019,0.20327987
1722555240,65025,65025,65011,65012,0.05649094
1722555300,65012,65043,65012,65026,0.36239115
1722555360,65020,65087,65020,65087,0.26341308
1722555420,65113,65124,65066,65088,2.16579866
1722555480,65088,65105,65088,65101,0.21601287
1722555540,65101,65130,65101,65127,1.49421198
1722555600,65127,65133,65127,65133,0.33950337
1722555660,65148,65163,65148,65163,0.34499394
1722555720,65163,65178,65163,65166,0.19960405
1722555780,65177,65231,65177,65231,0.45471828
1722555840,65231,65237,65203,65207,0.28572665
1722555900,65207,65231,65179,65231,0.19745642
1722555960,65231,65283,65218,65262,0.40895660
1722556020,65262,65262,65224,65239,0.24993315
1722556080,65235,65235,65235,65235,0.07692843
1722556140,65235,65262,65235,65262,0.25935306
1722556200,65284,65290,65240,65289,0.16029328
1722556260,65289,65304,65289,65304,0.11586201
1722556320,65304,65326,65304,65314,0.60497458
1722556380,65314,65315,65310,65315,0.28892312
1722556440,65323,65403,65323,65403,0.28257498
1722556500,65398,65408,65344,65375,0.17116192
1722556560,65361,65399,65350,65390,0.19853076
1722556620,65391,65400,65361,65374,0.10454919
1722556680,65374,65374,65356,65356,0.28157386
1722556740,65342,65342,65292,65293,0.16631340
